phi,SL
0.6,0.06888154
0.8,0.18826209
1.0,0.27306079
1.2,0.22342073
1.4,0.08769885
