phi,SL
0.6,0.060085818550226384
1.0,0.1768424226287363
1.4,0.08728413411564584
