phi,SL
0.8,0.18826209
1.0,0.27306079
1.2,0.22342073
