phi,SL
0.6,0.11866392917891848
0.7999999999999999,0.2804943193074025
1.0,0.39331059866242213
1.2,0.34279661839991904
1.4,0.143298186118107
