phi,SL
0.6,0.060085818550226384
0.8,0.13828535
1.0,0.1768424226287363
1.2,0.15692934
1.4,0.08728413411564584
