egr_fraction,SL
0.0,0.40125953
0.07,0.31074363
0.14,0.23211489
0.2,0.16874532
