p_atm,tau
1.0,0.20574148843741993
2.0,0.10367748880442319
5.0,0.03829626672563925
10.0,0.017316304826302614
20.0,0.007939639063750635
40.0,0.003819368250223356
